food_id,figure_number,figure_caption,pdf_page,image_file,image_description,photograph_mapping_confidence,source_document,source_year,notes
NFD-00001,Figure 2.1,"Figure 2.1 Rice, Pokhreli Basmati",17,,"Shows Paddy and Polished Rice in two separate piles",HIGH,Nepal Food Composition Database,2024,
NFD-00002,Figure 2.2,"Figure 2.2 Rice, Jetho budho",17,,"Shows Paddy and Polished Rice in two separate piles",HIGH,Nepal Food Composition Database,2024,
NFD-00003,Figure 2.3,"Figure 2.3 Rice, Swarna Sub 1",17,,"Shows Paddy and Polished Rice in two separate piles",HIGH,Nepal Food Composition Database,2024,
NFD-00004,Figure 2.4,"Figure 2.4 Rice, Samba mansuli sab-1",18,,"Shows Paddy and Polished Rice in two separate piles",HIGH,Nepal Food Composition Database,2024,Spelling differs (sub 1 vs sab-1)
NFD-00005,Figure 2.5,"Figure 2.5 Rice, Bahuguni 1",18,,"Shows Paddy and Polished Rice in two separate piles",HIGH,Nepal Food Composition Database,2024,
NFD-00006,Figure 2.6,"Figure 2.6 Rice, Chaite 5",18,,"Shows Paddy and Polished Rice in two separate piles",HIGH,Nepal Food Composition Database,2024,
NFD-00007,Figure 2.7,"Figure 2.7 Rice, Hardinath 3",19,,"Shows Paddy and Polished Rice in two separate piles",HIGH,Nepal Food Composition Database,2024,
NFD-00008,Figure 2.8,"Figure 2.8 Rice, Hardinath 6",19,,"Shows Paddy and Polished Rice in two separate piles",HIGH,Nepal Food Composition Database,2024,
NFD-00009,Figure 2.9,"Figure 2.9 Rice, Jumli marsi",19,,"Shows Paddy and Polished Rice in two separate piles",HIGH,Nepal Food Composition Database,2024,
NFD-00010,Figure 2.10,"Figure 2.10 Maize, Deuti",20,,"Shows maize kernels on a white surface",HIGH,Nepal Food Composition Database,2024,
NFD-00011,Figure 2.11,"Figure 2.11 Maize, Manakamana-3",20,,"Shows maize kernels on a white surface",HIGH,Nepal Food Composition Database,2024,
NFD-00012,Figure 2.12,"Figure 2.12 Maize, Rampur composite",20,,"Shows maize kernels on a white surface",HIGH,Nepal Food Composition Database,2024,
NFD-00013,Figure 2.13,"Figure 2.13 Maize, Arun-2",20,,"Shows maize kernels on a white surface",HIGH,Nepal Food Composition Database,2024,
NFD-00014,Figure 2.14,"Figure 2.14 Maize, Manakamana",21,,"Shows maize kernels on a white surface",HIGH,Nepal Food Composition Database,2024,"Spelling differs (Mankamana vs Manakamana), misses '4' in caption"
NFD-00015,Figure 2.15,"Figure 2.15 Wheat, Gautam",22,,"Shows Wheat grains and Flour in two separate glass petri dishes",HIGH,Nepal Food Composition Database,2024,
NFD-00016,Figure 2.16,"Figure 2.16 Wheat, Bijaya",22,,"Shows Wheat grains and Flour in two separate glass petri dishes",HIGH,Nepal Food Composition Database,2024,
NFD-00017,Figure 2.17,"Figure 2.17 Wheat, Mudule",22,,"Shows Wheat grains and Flour in two separate glass petri dishes",HIGH,Nepal Food Composition Database,2024,
NFD-00018,Figure 2.18,"Figure 2.18 Wheat, Zinc Wheat-1",23,,"Shows Wheat grains and Flour in two separate glass petri dishes",HIGH,Nepal Food Composition Database,2024,
NFD-00019,Figure 2.19,"Figure 2.19 Wheat, Zinc Wheat-2",23,,"Shows Wheat grains and Flour in two separate glass petri dishes",HIGH,Nepal Food Composition Database,2024,
NFD-00020,Figure 2.20,"Figure 2.20 Wheat, Borlong",23,,"Shows Wheat grains and Flour in two separate glass petri dishes",HIGH,Nepal Food Composition Database,2024,Spelling differs (Borlog vs Borlong)
NFD-00021,Figure 2.21,"Figure 2.21 Millet, Dalle kodo 1",25,,"Shows millet grains in a glass petri dish",HIGH,Nepal Food Composition Database,2024,
NFD-00022,Figure 2.22,"Figure 2.22 Millet, Shailungkodo 1",25,,"Shows millet grains in a glass petri dish",HIGH,Nepal Food Composition Database,2024,Spelling differs (Sailung vs Shailungkodo)
NFD-00023,Figure 2.23,"Figure 2.23 Millet, Okhley kodo 1",25,,"Shows millet grains in a glass petri dish",HIGH,Nepal Food Composition Database,2024,Spelling differs (Okhle vs Okhley)
NFD-00024,Figure 2.24,"Figure 2.24 Millet, Kavre kodo 2",25,,"Shows millet grains in a glass petri dish",HIGH,Nepal Food Composition Database,2024,Spelling differs (Kabre vs Kavre)
NFD-00025,Figure 2.25,"Figure 2.25 Millet, Kavre kodo 1",25,,"Shows millet grains in a glass petri dish",HIGH,Nepal Food Composition Database,2024,Spelling differs (Kabre vs Kavre)
NFD-00026,Figure 2.26,"Figure 2.26 Proso Millet, Dudhe chino",25,,"Shows proso millet grains in a glass petri dish",HIGH,Nepal Food Composition Database,2024,
NFD-00027,Figure 2.27,"Figure 2.27 Proso Millet, Hade chino",26,,"Shows proso millet grains in a glass petri dish",HIGH,Nepal Food Composition Database,2024,
NFD-00028,Figure 2.28,"Figure 2.28 Foxtail, Millet, Bariyo kaguno",26,,"Shows foxtail millet grains in a glass petri dish",HIGH,Nepal Food Composition Database,2024,
NFD-00029,Figure 2.29,"Figure 2.29 Barley, Bonus",27,,"Shows whole Barley grains and Flour in two separate glass petri dishes",HIGH,Nepal Food Composition Database,2024,
NFD-00030,Figure 2.30,"Figure 2.30 Naked Barley, Solu uwa",27,,"Shows Naked Barley grains and Flour in two separate dishes",HIGH,Nepal Food Composition Database,2024,
NFD-00031,Figure 2.31,"Figure 2.31 Amaranth",28,,"Shows amaranth grains in a glass petri dish",HIGH,Nepal Food Composition Database,2024,Caption missing variety name
NFD-00032,Figure 2.33,"Figure 2.33 Buckwheat",28,,"Shows Buckwheat grains and Flour in two separate glass dishes",MEDIUM,Nepal Food Composition Database,2024,Mapped based on generic grain type. PDF index has variety name mismatch.
NFD-00033,Figure 2.32,"Figure 2.32 Tartary Buckwheat",28,,"Shows Tartary Buckwheat grains and Flour in two separate glass dishes",HIGH,Nepal Food Composition Database,2024,
NFD-00034,Figure 2.34,"Figure 2.34 Sorghum",28,,"Shows Sorghum grains and Flour in two separate black square dishes",HIGH,Nepal Food Composition Database,2024,
NFD-00035,Figure 3.1,"Figure 3.1 Soybean, Puja",34,,"Shows soybeans in a glass petri dish",HIGH,Nepal Food Composition Database,2024,
NFD-00036,Figure 3.2,"Figure 3.2 Soyabean, Kawa",34,,"Shows soybeans in a glass petri dish",HIGH,Nepal Food Composition Database,2024,Spelling differs (Soybean vs Soyabean)
NFD-00037,Figure 3.3,"Figure 3.3 Mung, Pratikshya",34,,"Shows mung beans in a glass petri dish",HIGH,Nepal Food Composition Database,2024,
NFD-00038,Figure 3.4,"Figure 3.4 Chickpea, Koseli",34,,"Shows chickpeas in a glass petri dish",HIGH,Nepal Food Composition Database,2024,
NFD-00039,Figure 3.5,"Figure 3.5 Red lentil, Khajura masuro 3",34,,"Shows red lentils in a glass petri dish",HIGH,Nepal Food Composition Database,2024,
NFD-00040,Figure 3.6,"Figure 3.6 Red kidney bean, Local",34,,"Shows red kidney beans in a glass petri dish",HIGH,Nepal Food Composition Database,2024,
NFD-00041,Figure 3.7,"Figure 3.7 Red Kidney bean, PDR 14",35,,"Shows red kidney beans in a glass petri dish",HIGH,Nepal Food Composition Database,2024,
NFD-00042,Figure 3.8,"Figure 3.8 Black gram, Local",35,,"Shows black gram in a glass petri dish",HIGH,Nepal Food Composition Database,2024,
NFD-00043,Figure 3.9,"Figure 3.9 Horse gram, Local brown",35,,"Shows brown horse gram in a glass petri dish",HIGH,Nepal Food Composition Database,2024,
NFD-00044,Figure 3.10,"Figure 3.10 Horse gram, Local Black",35,,"Shows black horse gram in a glass petri dish",HIGH,Nepal Food Composition Database,2024,
NFD-00045,Figure 3.11,"Figure 3.11 String beans",35,,"Shows string beans (seeds) in a glass petri dish",HIGH,Nepal Food Composition Database,2024,
NFD-00046,Figure 3.12,"Figure 3.12 Cow Pea",35,,"Shows cow peas in a glass petri dish",HIGH,Nepal Food Composition Database,2024,
NFD-00047,Figure 4.1,"Figure 4.1 Potato, MS-42-3",38,,"Shows whole potato and cross-section",HIGH,Nepal Food Composition Database,2024,
NFD-00048,Figure 4.2,"Figure 4.2 Potato, Janakdev",38,,"Shows whole potato and cross-section",HIGH,Nepal Food Composition Database,2024,
NFD-00049,Figure 4.3,"Figure 4.3 Potato, Khumal upahar",38,,"Shows whole potato and cross-section",HIGH,Nepal Food Composition Database,2024,
NFD-00050,Figure 4.4,"Figure 4.4 Sweet potato, Suntale 1",38,,"Shows whole sweet potato and long-section",HIGH,Nepal Food Composition Database,2024,
NFD-00051,Figure 4.5,"Figure 4.5 Sweet potato, Bensishar white",38,,"Shows whole sweet potato and long-section",HIGH,Nepal Food Composition Database,2024,
NFD-00052,Figure 4.6,"Figure 4.6 Sweet potato, Kimichaur seto",38,,"Shows whole sweet potato and long-section",HIGH,Nepal Food Composition Database,2024,
NFD-00053,Figure 4.7,"Figure 4.7 Elephant yam, Elephant yam",39,,"Shows whole elephant yam and cross-section",HIGH,Nepal Food Composition Database,2024,
NFD-00054,Figure 4.8,"Figure 4.8 Chayote root",39,,"Shows whole chayote roots and cross-sections",HIGH,Nepal Food Composition Database,2024,
NFD-00055,Figure 4.9,"Figure 4.9 Taro",39,,"Shows a cluster of taro roots",HIGH,Nepal Food Composition Database,2024,
NFD-00056,Figure 4.10,"Figure 4.10 Cassava",40,,"Shows whole cassava and long-section",HIGH,Nepal Food Composition Database,2024,
NFD-00057,Figure 4.11,"Figure 4.11 Beet root, Local",40,,"Shows whole beet root and cross-sections",HIGH,Nepal Food Composition Database,2024,
NFD-00058,Figure 5.1,"Figure 5.1 Pear, Sandy pear",43,,"Shows whole pear and cut pieces",HIGH,Nepal Food Composition Database,2024,
NFD-00059,Figure 5.2,"Figure 5.2 Sweet orange, Sthaniya junar",43,,"Shows whole sweet orange and sliced sections",HIGH,Nepal Food Composition Database,2024,
NFD-00060,Figure 5.3,"Figure 5.3 Sweet orange, Washington novel",43,,"Shows whole sweet orange and sliced sections",HIGH,Nepal Food Composition Database,2024,
NFD-00061,Figure 5.4,"Figure 5.4 Mandarine orange, Khoku 1",44,,"Shows whole mandarin orange and sliced sections",HIGH,Nepal Food Composition Database,2024,Spelling differs (Mandarin vs Mandarine)
NFD-00062,Figure 5.5,"Figure 5.5 Mandarine orange, 95 OKEJU",44,,"Shows whole mandarin orange and sliced sections",HIGH,Nepal Food Composition Database,2024,Spelling differs (Mandarin vs Mandarine)
NFD-00063,Figure 5.6,"Figure 5.6 Apple, Fuji",44,,"Shows whole apple and sliced sections",HIGH,Nepal Food Composition Database,2024,
NFD-00064,5.7,"5.7 Apple, Golden",45,,"Shows whole apple and sliced sections",HIGH,Nepal Food Composition Database,2024,Caption missing "Figure" prefix
NFD-00065,Figure 5.8,"Figure 5.8 Mango, Dashera",45,,"Shows sliced mango halves",HIGH,Nepal Food Composition Database,2024,
NFD-00066,Figure 5.9,"Figure 5.9 Mango, Bombay",45,,"Shows sliced mango halves",HIGH,Nepal Food Composition Database,2024,
NFD-00067,Figure 5.10,"Figure 5.10 Lychee, Seedless",46,,"Shows whole lychees and peeled/seeded parts",HIGH,Nepal Food Composition Database,2024,"Caption in image reads ""Litchi Seedless"", but figure text matches table."
NFD-00068,Figure 5.11,"Figure 5.11 Lychee, Patharia red",46,,"Shows whole lychees and peeled/seeded parts",HIGH,Nepal Food Composition Database,2024,"Caption in image reads ""Litchi Pathariya Red"", but figure text matches table."
NFD-00069,Figure 5.12,"Figure 5.12 Banana, G9",46,,"Shows two whole bananas",HIGH,Nepal Food Composition Database,2024,
NFD-00070,Figure 5.13,"Figure 5.13 Papaya, Local",46,,"Shows whole papaya and sliced halves",HIGH,Nepal Food Composition Database,2024,
NFD-00071,Figure 5.14,"Figure 5.14 Goose berry",46,,"Shows whole gooseberries",HIGH,Nepal Food Composition Database,2024,Spelling differs (Gooseberry vs Goose berry)
NFD-00072,Figure 5.15,"Figure 5.15 Guava, Local",47,,"Shows whole guava and sliced halves",HIGH,Nepal Food Composition Database,2024,
NFD-00073,Figure 5.16,"Figure 5.16 Strawberry, Tochiotome",47,,"Shows whole strawberries and sliced pieces",HIGH,Nepal Food Composition Database,2024,Spelling differs (Tochimeto vs Tochiotome)
NFD-00074,Figure 5.17,"Figure 5.17 Watermelon, Local",47,,"Shows whole watermelon and sliced half",HIGH,Nepal Food Composition Database,2024,
NFD-00075,Figure 5.18,"Figure 5.18 Chilly, Akbare",50,,"Shows several red and green Akbare chillies in a glass dish",HIGH,Nepal Food Composition Database,2024,All vegetable figures are mis-prefixed as 5.x instead of 6.x
NFD-00076,Figure 5.19,"Figure 5.19 Yard Long Bean",50,,"Shows a curled yard long bean",HIGH,Nepal Food Composition Database,2024,
NFD-00077,Figure 5.20,"Figure 5.20 Cucumber",50,,"Shows whole cucumber and sliced halves",HIGH,Nepal Food Composition Database,2024,
NFD-00078,Figure 5.21,"Figure 5.21 Pumpkin, Round",50,,"Shows whole round pumpkin and a sliced portion",HIGH,Nepal Food Composition Database,2024,
NFD-00079,Figure 5.22,"Figure 5.22 Fiddlehead",51,,"Shows fiddlehead ferns whole and chopped in a dish",HIGH,Nepal Food Composition Database,2024,
NFD-00080,Figure 5.23,"Figure 5.23 Pumpkin, Madale",51,,"Shows whole Madale pumpkin and a long-section slice",HIGH,Nepal Food Composition Database,2024,
NFD-00081,Figure 5.24,"Figure 5.24 Black mustard",51,,"Shows black mustard plant stems and leaves",HIGH,Nepal Food Composition Database,2024,
NFD-00082,Figure 5.25,"Figure 5.25 Garden cresh",52,,"Shows garden cresh sprigs whole and chopped in a dish",HIGH,Nepal Food Composition Database,2024,
NFD-00083,Figure 5.26,"Figure 5.26 Spinach",52,,"Shows spinach leaves whole and chopped in a dish",HIGH,Nepal Food Composition Database,2024,
NFD-00084,Figure 5.27,"Figure 5.27 cabbage, green coronet",52,,"Shows whole cabbage and sliced halves",HIGH,Nepal Food Composition Database,2024,
NFD-00085,Figure 5.28,"Figure 5.28 Cauliflower,khumal jyapu",53,,"Shows whole cauliflower and separated florets",HIGH,Nepal Food Composition Database,2024,Space missing in caption
NFD-00086,Figure 5.29,"Figure 5.29 Cauliflower, Kathmandu local",53,,"Shows whole cauliflower and separated florets",HIGH,Nepal Food Composition Database,2024,
NFD-00087,Figure 5.30,"Figure 5.30 Raddish, Nino aril",53,,"Shows whole white radish and long-sections",HIGH,Nepal Food Composition Database,2024,Spelling differs (Nino arli vs Nino aril)
NFD-00088,Figure 5.31,"Figure 5.31 Raddish, Peuthane rato mula",54,,"Shows whole red radish and long-sections",HIGH,Nepal Food Composition Database,2024,Spelling differs (Piuthane vs Peuthane)
NFD-00089,Figure 5.32,"Figure 5.32 Chayote",54,,"Shows whole chayote and cut sections",HIGH,Nepal Food Composition Database,2024,
NFD-00090,Figure 5.33,"Figure 5.33 Bottle gourd",54,,"Shows whole bottle gourd and cut sections",HIGH,Nepal Food Composition Database,2024,
NFD-00091,Figure 5.34,"Figure 5.34 Colocasia tender Leaves",55,,"Shows colocasia leaves and stems",HIGH,Nepal Food Composition Database,2024,
NFD-00092,Figure 5.35,"Figure 5.35 Mustard green",55,,"Shows mustard green leaves whole and chopped in a dish",HIGH,Nepal Food Composition Database,2024,
NFD-00093,Figure 5.36,"Figure 5.36 Pumpkin tender leaves",55,,"Shows pumpkin tender leaves and stems",HIGH,Nepal Food Composition Database,2024,
NFD-00094,Figure 5.37,"Figure 5.37 Chayote tender leaves",55,,"Shows chayote tender leaves and stems",HIGH,Nepal Food Composition Database,2024,
NFD-00095,Figure 5.38,"Figure 5.38 Tomato, srijana",56,,"Shows whole Srijana tomato and sliced halves",HIGH,Nepal Food Composition Database,2024,
NFD-00096,Figure 5.39,"Figure 5.39 Brinjal, Parwanipur 1",56,,"Shows whole brinjal and long-section slices",HIGH,Nepal Food Composition Database,2024,
NFD-00097,Figure 5.40,"Figure 5.40 Asparagas",56,,"Shows asparagus spears",HIGH,Nepal Food Composition Database,2024,
NFD-00098,Figure 5.41,"Figure 5.41 Tomato, Khumal 2",56,,"Shows whole Khumal 2 tomato and sliced halves",HIGH,Nepal Food Composition Database,2024,
NFD-00099,Figure 5.42,"Figure 5.42 Bitter gourd, patle",56,,"Shows whole bitter gourd and cross-section slices",HIGH,Nepal Food Composition Database,2024,
NFD-00100,Figure 5.43,"Figure 5.43 Sponge gourd, New Narayani",57,,"Shows whole sponge gourd and cross-section slices",HIGH,Nepal Food Composition Database,2024,
