food_id,food_name_original,scientific_name,food_group,food_subgroup,variety_name,collection_area,district,province,food_state,edible_part,edible_part_percent,inedible_part_percent,lb_ratio,kernel_weight_1000_g,energy_kcal,water_g,protein_g,fat_g,ash_g,crude_fiber_g,carbohydrate_g,reducing_sugar_g,calcium_mg,iron_mg,phosphorus_mg,potassium_mg,sodium_mg,zinc_mg,total_carotenoids_ug,vitamin_c_mg,nutrient_basis,source_document,source_year,source_page,source_table,source_figure,extraction_confidence,needs_manual_review,notes
NFD-00001,"Rice, Pokhreli Basmati",Oryza sativa,Cereals and Pseudocereals,Rice,Pokhreli Basmati,Kaski,,Gandaki,Raw,100 g edible part,68.50,31.50,2.42,11.20,345.00,13.20,6.80,0.50,0.60,0.40,78.50,,12.23,2.43,118.67,137.29,2.47,1.28,30.67,ND,100 g edible part,Nepal Food Composition Database,2024,"13, 14","Table 2.1, Table 2.4",Figure 2.1,HIGH,FALSE,
NFD-00002,"Rice, Jetho budho",Oryza sativa,Cereals and Pseudocereals,Rice,Jetho budho,Kaski,,Gandaki,Raw,100 g edible part,69.10,30.90,2.35,12.40,348.00,12.80,7.10,0.60,0.70,0.30,78.50,,10.50,2.10,115.00,130.00,2.30,1.35,28.50,ND,100 g edible part,Nepal Food Composition Database,2024,"13, 14","Table 2.1, Table 2.4",Figure 2.2,HIGH,FALSE,
NFD-00003,"Rice, Swarna Sub 1",Oryza sativa,Cereals and Pseudocereals,Rice,Swarna Sub 1,Dhanusha,,Madhesh,Raw,100 g edible part,70.20,29.80,2.10,18.50,346.00,13.10,7.50,0.50,0.65,0.45,77.80,,11.20,1.90,122.00,125.00,2.10,1.40,25.00,ND,100 g edible part,Nepal Food Composition Database,2024,"13, 14","Table 2.1, Table 2.4",Figure 2.3,HIGH,FALSE,
NFD-00004,"Rice, Samba Mansuli sub 1",Oryza sativa,Cereals and Pseudocereals,Rice,Samba Mansuli sub 1,Dhanusha,,Madhesh,Raw,100 g edible part,71.00,29.00,2.55,14.20,350.00,12.50,7.80,0.60,0.60,0.35,78.15,,9.80,1.85,110.00,120.00,2.05,1.25,22.00,ND,100 g edible part,Nepal Food Composition Database,2024,"13, 14","Table 2.1, Table 2.4",Figure 2.4,HIGH,FALSE,
NFD-00005,"Rice, Bahuguni 1",Oryza sativa,Cereals and Pseudocereals,Rice,Bahuguni 1,Bara,,Madhesh,Raw,100 g edible part,69.80,30.20,2.20,19.10,347.00,13.00,7.20,0.55,0.70,0.40,78.15,,12.00,2.20,125.00,135.00,2.50,1.30,31.00,ND,100 g edible part,Nepal Food Composition Database,2024,"13, 14","Table 2.1, Table 2.4",Figure 2.5,HIGH,FALSE,
NFD-00006,"Rice, Chaite 5",Oryza sativa,Cereals and Pseudocereals,Rice,Chaite 5,Jhapa,,Koshi,Raw,100 g edible part,70.50,29.50,2.15,20.40,349.00,12.60,7.40,0.50,0.65,0.38,78.47,,10.80,2.05,118.00,128.00,2.20,1.32,26.50,ND,100 g edible part,Nepal Food Composition Database,2024,"13, 14","Table 2.1, Table 2.4",Figure 2.6,HIGH,FALSE,
NFD-00007,"Rice, Hardinath 3",Oryza sativa,Cereals and Pseudocereals,Rice,Hardinath 3,Dhanusha,,Madhesh,Raw,100 g edible part,68.90,31.10,2.30,17.80,348.00,12.90,7.00,0.55,0.68,0.42,78.45,,11.50,2.15,120.00,132.00,2.35,1.29,29.00,ND,100 g edible part,Nepal Food Composition Database,2024,"13, 14","Table 2.1, Table 2.4",Figure 2.7,HIGH,FALSE,
NFD-00008,"Rice, Hardinath 6",Oryza sativa,Cereals and Pseudocereals,Rice,Hardinath 6,Dhanusha,,Madhesh,Raw,100 g edible part,69.40,30.60,2.25,18.20,347.00,13.00,7.30,0.52,0.66,0.40,78.12,,11.80,2.10,121.00,130.00,2.40,1.31,30.00,ND,100 g edible part,Nepal Food Composition Database,2024,"13, 14","Table 2.1, Table 2.4",Figure 2.8,HIGH,FALSE,
NFD-00009,"Rice, Jumli Marsi",Oryza sativa,Cereals and Pseudocereals,Rice,Jumli Marsi,Jumla,,Karnali,Raw,100 g edible part,67.80,32.20,2.05,22.50,352.00,12.20,8.20,0.75,0.85,0.50,77.50,,14.20,2.65,135.00,145.00,2.80,1.45,35.00,ND,100 g edible part,Nepal Food Composition Database,2024,"13, 14","Table 2.1, Table 2.4",Figure 2.9,HIGH,FALSE,
NFD-00010,"Maize, Deuti",Zea mays,Cereals and Pseudocereals,Maize,Deuti,,,,Raw,100 g edible part,100,0,,285.00,365.00,11.50,9.20,3.80,1.40,2.20,71.90,,10.00,2.50,240.00,320.00,15.00,2.10,180.00,ND,100 g edible part,Nepal Food Composition Database,2024,16,"Table 2.2, Table 2.6",Figure 2.10,HIGH,FALSE,
NFD-00011,"Maize, Manakamana-3",Zea mays,Cereals and Pseudocereals,Maize,Manakamana-3,,,,Raw,100 g edible part,100,0,,270.00,362.00,11.80,8.90,3.60,1.35,2.10,72.25,,9.50,2.40,235.00,315.00,14.50,2.05,175.00,ND,100 g edible part,Nepal Food Composition Database,2024,16,"Table 2.2, Table 2.6",Figure 2.11,HIGH,FALSE,
NFD-00012,"maize, Rampur composite",Zea mays,Cereals and Pseudocereals,Maize,Rampur composite,,,,Raw,100 g edible part,100,0,,290.00,364.00,11.60,9.10,3.70,1.38,2.15,72.07,,9.80,2.45,238.00,318.00,14.80,2.08,178.00,ND,100 g edible part,Nepal Food Composition Database,2024,16,"Table 2.2, Table 2.6",Figure 2.12,HIGH,FALSE,
NFD-00013,"Maize, Arun 2",Zea mays,Cereals and Pseudocereals,Maize,Arun 2,,,,Raw,100 g edible part,100,0,,260.00,360.00,12.00,8.70,3.50,1.30,2.05,72.45,,9.20,2.35,230.00,310.00,14.00,2.00,170.00,ND,100 g edible part,Nepal Food Composition Database,2024,16,"Table 2.2, Table 2.6",Figure 2.13,HIGH,FALSE,
NFD-00014,"Maize, Mankamana 4",Zea mays,Cereals and Pseudocereals,Maize,Mankamana 4,,,,Raw,100 g edible part,100,0,,275.00,363.00,11.70,9.00,3.65,1.36,2.12,72.17,,9.60,2.42,236.00,316.00,14.60,2.06,176.00,ND,100 g edible part,Nepal Food Composition Database,2024,16,"Table 2.2, Table 2.6",Figure 2.14,HIGH,FALSE,
NFD-00015,"Wheat, Gautam",Triticum aestivum,Cereals and Pseudocereals,Wheat,Gautam,,,,Raw,100 g edible part,100,0,2.18,38.50,340.00,12.10,11.80,1.50,1.60,1.90,71.10,,38.00,3.80,310.00,340.00,12.00,2.80,18.00,ND,100 g edible part,Nepal Food Composition Database,2024,17,"Table 2.3, Table 2.7",Figure 2.15,HIGH,FALSE,
NFD-00016,"Wheat, Bijaya",Triticum aestivum,Cereals and Pseudocereals,Wheat,Bijaya,,,,Raw,100 g edible part,100,0,2.15,39.20,342.00,11.90,12.10,1.55,1.65,1.95,70.85,,39.50,3.90,315.00,345.00,12.50,2.85,19.00,ND,100 g edible part,Nepal Food Composition Database,2024,17,"Table 2.3, Table 2.7",Figure 2.16,HIGH,FALSE,
NFD-00017,"Wheat, Mudule",Triticum aestivum,Cereals and Pseudocereals,Wheat,Mudule,,,,Raw,100 g edible part,100,0,2.10,36.80,339.00,12.30,11.50,1.45,1.58,1.85,71.32,,36.50,3.70,305.00,335.00,11.50,2.75,17.00,ND,100 g edible part,Nepal Food Composition Database,2024,17,"Table 2.3, Table 2.7",Figure 2.17,HIGH,FALSE,
NFD-00018,"Wheat, Zinc wheat 1",Triticum aestivum,Cereals and Pseudocereals,Wheat,Zinc wheat 1,,,,Raw,100 g edible part,100,0,2.22,41.00,344.00,11.80,12.40,1.60,1.70,2.00,70.50,,42.00,4.20,325.00,355.00,13.00,3.85,22.00,ND,100 g edible part,Nepal Food Composition Database,2024,17,"Table 2.3, Table 2.7",Figure 2.18,HIGH,FALSE,
NFD-00019,"Wheat, Zinc wheat 2",Triticum aestivum,Cereals and Pseudocereals,Wheat,Zinc wheat 2,,,,Raw,100 g edible part,100,0,2.20,40.50,343.00,11.90,12.20,1.58,1.68,1.98,70.66,,41.00,4.10,320.00,350.00,12.80,3.75,21.00,ND,100 g edible part,Nepal Food Composition Database,2024,17,"Table 2.3, Table 2.7",Figure 2.19,HIGH,FALSE,
NFD-00020,"Wheat, Borlog",Triticum aestivum,Cereals and Pseudocereals,Wheat,Borlog,,,,Raw,100 g edible part,100,0,2.16,38.00,341.00,12.00,11.90,1.52,1.62,1.92,71.04,,38.50,3.85,312.00,342.00,12.20,2.82,18.50,ND,100 g edible part,Nepal Food Composition Database,2024,17,"Table 2.3, Table 2.7",Figure 2.20,HIGH,FALSE,
NFD-00021,"Finger millet, Dalle kodo 1",Eleusine coracana,Cereals and Pseudocereals,Finger millet,Dalle kodo 1,,,,Raw,100 g edible part,100,0,,2.40,328.00,13.10,7.30,1.30,2.70,3.60,72.00,,344.00,3.90,283.00,408.00,11.00,2.30,42.00,ND,100 g edible part,Nepal Food Composition Database,2024,"18, 19","Table 2.8, Table 2.9",Figure 2.21,HIGH,FALSE,
NFD-00022,"Finger millet, Sailung kodo 1",Eleusine coracana,Cereals and Pseudocereals,Finger millet,Sailung kodo 1,,,,Raw,100 g edible part,100,0,,2.55,330.00,12.90,7.50,1.35,2.75,3.65,71.85,,348.00,4.10,285.00,412.00,11.20,2.35,45.00,ND,100 g edible part,Nepal Food Composition Database,2024,"18, 19","Table 2.8, Table 2.9",Figure 2.22,HIGH,FALSE,
NFD-00023,"Finger millet, Okhle kodo 1",Eleusine coracana,Cereals and Pseudocereals,Finger millet,Okhle kodo 1,,,,Raw,100 g edible part,100,0,,2.45,329.00,13.00,7.40,1.32,2.72,3.62,71.94,,346.00,4.00,284.00,410.00,11.10,2.32,43.00,ND,100 g edible part,Nepal Food Composition Database,2024,"18, 19","Table 2.8, Table 2.9",Figure 2.23,HIGH,FALSE,
NFD-00024,"Finger millet, Kabre kodo 2",Eleusine coracana,Cereals and Pseudocereals,Finger millet,Kabre kodo 2,,,,Raw,100 g edible part,100,0,,2.50,331.00,12.80,7.60,1.36,2.76,3.68,71.80,,350.00,4.15,286.00,415.00,11.40,2.38,46.00,ND,100 g edible part,Nepal Food Composition Database,2024,"18, 19","Table 2.8, Table 2.9",Figure 2.24,HIGH,FALSE,
NFD-00025,"Finger millet, Kabre kodo 1",Eleusine coracana,Cereals and Pseudocereals,Finger millet,Kabre kodo 1,,,,Raw,100 g edible part,100,0,,2.48,330.00,12.95,7.45,1.34,2.74,3.64,71.88,,347.00,4.05,285.00,411.00,11.15,2.34,44.00,ND,100 g edible part,Nepal Food Composition Database,2024,"18, 19","Table 2.8, Table 2.9",Figure 2.25,HIGH,FALSE,
NFD-00026,"Proso millet, Dudhe chino",Panicum miliaceum,Cereals and Pseudocereals,Proso millet,Dudhe chino,,,,Raw,100 g edible part,100,0,,5.10,356.00,11.20,11.50,3.20,2.10,2.80,69.20,,14.00,2.80,210.00,225.00,8.50,1.80,15.00,ND,100 g edible part,Nepal Food Composition Database,2024,"18, 19","Table 2.8, Table 2.9",Figure 2.26,HIGH,FALSE,
NFD-00027,"Proso millet, Hade chino",Panicum miliaceum,Cereals and Pseudocereals,Proso millet,Hade chino,,,,Raw,100 g edible part,100,0,,5.25,358.00,11.00,11.80,3.35,2.15,2.85,68.85,,14.50,2.90,215.00,230.00,8.80,1.85,16.00,ND,100 g edible part,Nepal Food Composition Database,2024,"18, 19","Table 2.8, Table 2.9",Figure 2.27,HIGH,FALSE,
NFD-00028,"Foxtail millet, Bariyo kaguno",Setaria italica,Cereals and Pseudocereals,Foxtail millet,Bariyo kaguno,,,,Raw,100 g edible part,100,0,,2.80,351.00,11.50,12.30,4.30,3.30,8.00,60.60,,31.00,2.80,290.00,250.00,5.00,2.40,30.00,ND,100 g edible part,Nepal Food Composition Database,2024,"18, 19","Table 2.8, Table 2.9",Figure 2.28,HIGH,FALSE,
NFD-00029,"Barley, Bonus",Hordeum vulgare,Cereals and Pseudocereals,Barley,Bonus,,,,Raw,100 g edible part,100,0,,42.00,336.00,12.50,10.60,2.10,1.90,4.20,68.70,,33.00,3.60,215.00,452.00,12.00,2.70,20.00,ND,100 g edible part,Nepal Food Composition Database,2024,"20, 21","Table 2.10, Table 2.11",Figure 2.29,HIGH,FALSE,
NFD-00030,"Naked barley, Solu uwa",Hordeum vulgare var. nudum,Cereals and Pseudocereals,Naked barley,Solu uwa,,,,Raw,100 g edible part,100,0,,38.50,340.00,12.10,11.50,2.20,1.85,3.90,68.45,,35.00,3.80,220.00,460.00,12.50,2.80,22.00,ND,100 g edible part,Nepal Food Composition Database,2024,"20, 21","Table 2.10, Table 2.11",Figure 2.30,HIGH,FALSE,
NFD-00031,"Amaranth, Rato marsi",Amaranthus hypochondriacus,Cereals and Pseudocereals,Amaranth,Rato marsi,,,,Raw,100 g edible part,100,0,,0.85,371.00,11.30,14.50,7.00,2.80,2.20,62.20,,159.00,7.60,557.00,508.00,4.00,2.87,40.00,ND,100 g edible part,Nepal Food Composition Database,2024,"20, 21","Table 2.10, Table 2.11",Figure 2.31,HIGH,FALSE,
NFD-00032,"Buckwheat, Mithe fapar 1",Fagopyrum esculentum,Cereals and Pseudocereals,Buckwheat,Mithe fapar 1,,,,Raw,100 g edible part,100,0,,21.50,343.00,12.00,11.70,2.40,2.10,3.70,68.10,,18.00,2.20,347.00,460.00,1.00,2.40,12.00,ND,100 g edible part,Nepal Food Composition Database,2024,"20, 21","Table 2.10, Table 2.11",Figure 2.33,MEDIUM,FALSE,PDF index has variety mismatch with Figure 2.33
NFD-00033,Tartary buckwheat,Fagopyrum tataricum,Cereals and Pseudocereals,Tartary buckwheat,Local,,,,Raw,100 g edible part,100,0,,19.80,340.00,12.30,12.00,2.50,2.20,4.10,66.90,,20.00,2.50,355.00,475.00,1.20,2.55,15.00,ND,100 g edible part,Nepal Food Composition Database,2024,"20, 21","Table 2.10, Table 2.11",Figure 2.32,HIGH,FALSE,
NFD-00034,Sorghum,Sorghum bicolor,Cereals and Pseudocereals,Sorghum,Local,,,,Raw,100 g edible part,100,0,,28.00,339.00,12.40,10.40,3.30,1.60,2.00,70.30,,28.00,4.40,287.00,350.00,6.00,1.70,25.00,ND,100 g edible part,Nepal Food Composition Database,2024,"20, 21","Table 2.10, Table 2.11",Figure 2.34,HIGH,FALSE,
NFD-00035,"Soybean, Puja",Glycine max,Legumes and Pulses,Soybean,Puja,,,,Raw,100 g edible part,100,0,1.25,185.00,446.00,8.50,38.00,19.50,4.80,4.50,24.70,,240.00,10.40,690.00,1797.00,2.00,4.80,60.00,ND,100 g edible part,Nepal Food Composition Database,2024,"29, 30","Table 3.1, Table 3.2",Figure 3.1,HIGH,FALSE,
NFD-00036,"Soybean, Kawa",Glycine max,Legumes and Pulses,Soybean,Kawa,,,,Raw,100 g edible part,100,0,1.22,192.00,448.00,8.20,38.50,19.80,4.85,4.55,24.10,,245.00,10.60,695.00,1810.00,2.10,4.90,62.00,ND,100 g edible part,Nepal Food Composition Database,2024,"29, 30","Table 3.1, Table 3.2",Figure 3.2,HIGH,FALSE,
NFD-00037,"Mung, Pratikshya",Vigna radiata,Legumes and Pulses,Mung bean,Pratikshya,,,,Raw,100 g edible part,100,0,1.28,45.00,347.00,10.20,24.50,1.20,3.60,4.10,56.40,,118.00,6.70,340.00,1246.00,15.00,2.80,45.00,ND,100 g edible part,Nepal Food Composition Database,2024,"29, 30","Table 3.1, Table 3.2",Figure 3.3,HIGH,FALSE,
NFD-00038,"Chickpea, Koseli",Cicer arietinum,Legumes and Pulses,Chickpea,Koseli,,,,Raw,100 g edible part,100,0,1.15,240.00,364.00,9.80,20.80,5.60,3.00,3.90,56.90,,105.00,6.20,366.00,875.00,24.00,3.40,35.00,ND,100 g edible part,Nepal Food Composition Database,2024,"29, 30","Table 3.1, Table 3.2",Figure 3.4,HIGH,FALSE,
NFD-00039,"Red lentil, Khajura masuro 3",Lens culinaris,Legumes and Pulses,Lentil,Khajura masuro 3,,,,Raw,100 g edible part,100,0,1.05,28.50,353.00,10.50,25.10,1.00,2.60,3.70,57.10,,56.00,7.50,450.00,905.00,10.00,3.20,25.00,ND,100 g edible part,Nepal Food Composition Database,2024,"29, 30","Table 3.1, Table 3.2",Figure 3.5,HIGH,FALSE,
NFD-00040,"Red kidney bean, Local",Phaseolus vulgaris,Legumes and Pulses,Kidney bean,Local,,,,Raw,100 g edible part,100,0,1.85,380.00,333.00,11.20,22.50,1.30,3.80,4.80,56.40,,140.00,8.20,410.00,1406.00,12.00,2.70,15.00,ND,100 g edible part,Nepal Food Composition Database,2024,"29, 30","Table 3.1, Table 3.2",Figure 3.6,HIGH,FALSE,
NFD-00041,"Red Kidney bean, PDR 14",Phaseolus vulgaris,Legumes and Pulses,Kidney bean,PDR 14,,,,Raw,100 g edible part,100,0,1.82,395.00,335.00,11.00,22.80,1.35,3.85,4.85,56.15,,145.00,8.40,415.00,1420.00,12.50,2.75,16.00,ND,100 g edible part,Nepal Food Composition Database,2024,"29, 30","Table 3.1, Table 3.2",Figure 3.7,HIGH,FALSE,
NFD-00042,"Black gram, Local",Vigna mungo,Legumes and Pulses,Black gram,Local,,,,Raw,100 g edible part,100,0,1.18,42.00,341.00,10.80,24.00,1.40,3.40,3.50,56.90,,154.00,7.50,385.00,983.00,38.00,3.00,38.00,ND,100 g edible part,Nepal Food Composition Database,2024,"29, 30","Table 3.1, Table 3.2",Figure 3.8,HIGH,FALSE,
NFD-00043,"Horse gram, Local brown",Macrotyloma uniflorum,Legumes and Pulses,Horse gram,Local brown,,,,Raw,100 g edible part,100,0,1.35,36.00,321.00,11.50,22.00,0.50,3.20,5.30,57.50,,287.00,6.70,311.00,780.00,11.50,2.40,22.00,ND,100 g edible part,Nepal Food Composition Database,2024,"29, 30","Table 3.1, Table 3.2",Figure 3.9,HIGH,FALSE,
NFD-00044,"Horse gram, Local black",Macrotyloma uniflorum,Legumes and Pulses,Horse gram,Local black,,,,Raw,100 g edible part,100,0,1.32,37.50,323.00,11.30,22.40,0.55,3.25,5.35,57.15,,290.00,6.90,315.00,790.00,11.80,2.45,24.00,ND,100 g edible part,Nepal Food Composition Database,2024,"29, 30","Table 3.1, Table 3.2",Figure 3.10,HIGH,FALSE,
NFD-00045,String beans,Phaseolus vulgaris,Legumes and Pulses,String bean,Local,,,,Raw,100 g edible part,100,0,1.40,220.00,330.00,11.80,21.50,1.20,3.50,4.20,57.80,,120.00,7.00,380.00,1250.00,15.00,2.50,28.00,ND,100 g edible part,Nepal Food Composition Database,2024,"29, 30","Table 3.1, Table 3.2",Figure 3.11,HIGH,FALSE,
NFD-00046,Cow pea,Vigna unguiculata,Legumes and Pulses,Cowpea,Local,,,,Raw,100 g edible part,100,0,1.30,135.00,343.00,11.00,24.10,1.30,3.40,3.80,56.40,,110.00,8.27,424.00,1112.00,16.00,3.37,32.00,ND,100 g edible part,Nepal Food Composition Database,2024,"29, 30","Table 3.1, Table 3.2",Figure 3.12,HIGH,FALSE,
NFD-00047,"Potato, MS-42-3",Solanum tuberosum,Potato and Tubers,Potato,MS-42-3,Lalitpur,,,Raw,100 g edible part,81.71,18.29,2.33,,81.00,77.98,1.28,0.35,0.70,0.78,18.91,0.46,9.21,0.62,55.19,460.25,3.87,0.33,216.67,29.94,100 g edible part,Nepal Food Composition Database,2024,"28, 32, 32","Table 4.1, Table 4.2, Table 4.3",Figure 4.1,HIGH,FALSE,
NFD-00048,"Potato, Janakdev",Solanum tuberosum,Potato and Tubers,Potato,Janakdev,Lalitpur,,,Raw,100 g edible part,86.88,13.12,1.94,,64.00,82.33,1.33,0.08,0.73,0.59,14.95,0.41,9.95,0.54,47.18,461.14,3.95,0.29,186.67,25.64,100 g edible part,Nepal Food Composition Database,2024,"28, 32, 32","Table 4.1, Table 4.2, Table 4.3",Figure 4.2,HIGH,FALSE,
NFD-00049,"Potato, Khumal upahar",Solanum tuberosum,Potato and Tubers,Potato,Khumal upahar,Lalitpur,,,Raw,100 g edible part,97.72,2.28,1.17,,71.00,80.57,1.59,0.08,0.73,0.55,16.48,0.36,9.37,0.50,45.35,453.83,4.01,0.36,187.33,26.30,100 g edible part,Nepal Food Composition Database,2024,"28, 32, 32","Table 4.1, Table 4.2, Table 4.3",Figure 4.3,HIGH,FALSE,
NFD-00050,"Sweet potato, Suntale 1",Ipomoea batatas,Potato and Tubers,Tubers,Suntale 1,Lalitpur,,,Raw,100 g edible part,97.50,2.50,3.36,,102.00,70.45,1.21,0.38,1.08,1.28,25.60,0.89,31.40,0.26,35.43,345.75,24.46,0.14,7978.67,22.63,100 g edible part,Nepal Food Composition Database,2024,"28, 32, 32","Table 4.1, Table 4.2, Table 4.3",Figure 4.4,HIGH,FALSE,
NFD-00051,"Sweet potato, Bensishar white",Ipomoea batatas,Potato and Tubers,Tubers,Bensishar white,Lalitpur,,,Raw,100 g edible part,97.31,2.69,3.39,,112.00,69.25,0.89,0.29,0.95,0.88,27.74,0.87,24.89,0.30,35.40,346.26,25.75,0.16,396.00,10.56,100 g edible part,Nepal Food Composition Database,2024,"28, 32, 32","Table 4.1, Table 4.2, Table 4.3",Figure 4.5,HIGH,FALSE,
NFD-00052,"Sweet potato, Kimichaur seto",Ipomoea batatas,Potato and Tubers,Tubers,Kimichaur seto,Lalitpur,,,Raw,100 g edible part,97.43,2.57,4.55,,106.00,70.11,1.33,0.23,1.30,0.97,26.05,0.85,25.97,0.41,36.87,347.99,26.52,0.16,424.67,10.23,100 g edible part,Nepal Food Composition Database,2024,"28, 32, 32","Table 4.1, Table 4.2, Table 4.3",Figure 4.6,HIGH,FALSE,
NFD-00053,"Elephant yam, Elephant yam",Amorphophallus paeoniifolius,Potato and Tubers,Tubers,Elephant yam,Pokhara,,,Raw,100 g edible part,89.69,10.31,,,79.00,76.73,0.78,0.10,1.15,1.02,20.22,0.47,42.87,0.64,33.13,494.91,15.61,0.28,527.00,16.49,100 g edible part,Nepal Food Composition Database,2024,"28, 32, 32","Table 4.1, Table 4.2, Table 4.3",Figure 4.7,HIGH,FALSE,
NFD-00054,Chayote root,Sechium edule,Potato and Tubers,Tubers,,Dhankutta,,,Raw,100 g edible part,93.63,6.37,2.04,,106.00,72.21,0.62,0.14,1.26,0.42,25.35,0.43,34.71,1.12,62.01,379.62,12.63,0.15,491.33,6.95,100 g edible part,Nepal Food Composition Database,2024,"28, 32, 32","Table 4.1, Table 4.2, Table 4.3",Figure 4.8,HIGH,FALSE,
NFD-00055,Taro,Colocasia esculenta,Potato and Tubers,Tubers,,Pokhara,,,Raw,100 g edible part,80.64,19.36,,,83.00,73.86,1.47,0.28,1.49,1.04,21.87,1.36,53.56,0.87,52.16,435.31,12.29,0.19,292.67,13.77,100 g edible part,Nepal Food Composition Database,2024,"28, 32, 32","Table 4.1, Table 4.2, Table 4.3",Figure 4.9,HIGH,FALSE,
NFD-00056,Cassava,Manihot esculenta,Potato and Tubers,Tubers,,Udaypur,,,Raw,100 g edible part,84.74,15.26,8.41,,133.00,64.27,1.56,0.35,0.55,0.66,32.61,0.32,20.66,0.49,43.11,353.46,10.15,0.38,312.67,10.24,100 g edible part,Nepal Food Composition Database,2024,"28, 32, 32","Table 4.1, Table 4.2, Table 4.3",Figure 4.10,HIGH,FALSE,
NFD-00057,"Beet root, Local",Beta vulgaris L.,Potato and Tubers,Tubers,Local,Kailali,,,Raw,100 g edible part,87.33,12.67,0.98,,30.00,86.76,1.98,0.21,1.41,1.65,7.98,3.31,17.25,0.72,37.45,313.19,62.19,0.31,20.00,5.38,100 g edible part,Nepal Food Composition Database,2024,"28, 32, 32","Table 4.1, Table 4.2, Table 4.3",Figure 4.11,HIGH,FALSE,
NFD-00058,"Pear, Sandy pear",Pyrus pyrifolia,Fruits,,Sandy pear,Kathmandu,,,Raw,100 g edible part,69.52,30.48,0.79,,58.00,84.35,0.51,0.17,0.13,0.19,13.06,4.86,16.79,0.56,3.41,102.79,1.50,0.09,86.67,6.77,100 g edible part,Nepal Food Composition Database,2024,"33, 39, 39","Table 5.1, Table 5.2, Table 5.3",Figure 5.1,HIGH,FALSE,
NFD-00059,"Sweet orange, Sthaniya junar",Citrus sinensis,Fruits,,Sthaniya junar,Sindhuli,,,Raw,100 g edible part,69.46,30.54,0.95,,41.00,85.60,0.80,0.09,0.35,1.08,12.07,4.25,40.31,0.59,32.86,160.26,1.30,0.04,854.67,88.91,100 g edible part,Nepal Food Composition Database,2024,"33, 39, 39","Table 5.1, Table 5.2, Table 5.3",Figure 5.2,HIGH,FALSE,
NFD-00060,"Sweet Orange, Washington novel",Citrus sinensis,Fruits,,Washington novel,Dhankutta,,,Raw,100 g edible part,76.62,23.38,1.01,,41.00,85.64,0.47,0.10,0.52,1.25,12.02,4.43,38.36,0.46,30.57,161.03,1.56,0.04,890.00,85.76,100 g edible part,Nepal Food Composition Database,2024,"33, 39, 39","Table 5.1, Table 5.2, Table 5.3",Figure 5.3,HIGH,TRUE,Spelling variation: Orange vs orange.
NFD-00061,"Mandarin orange, Khoku 1",Citrus reticulata,Fruits,,Khoku 1,Dhankutta,,,Raw,100 g edible part,65.63,34.37,0.89,,45.00,87.19,0.57,0.10,0.36,0.61,11.17,3.90,27.19,0.30,17.54,159.72,1.47,0.03,1130.67,59.69,100 g edible part,Nepal Food Composition Database,2024,"33, 39, 39","Table 5.1, Table 5.2, Table 5.3",Figure 5.4,HIGH,TRUE,Spelling variation in figure: Mandarine orange
NFD-00062,"Mandarin orange, 95 OKEJU",Citrus reticulata,Fruits,,95 OKEJU,Dhankutta,,,Raw,100 g edible part,71.30,28.70,0.78,,44.00,86.93,0.99,0.11,0.42,0.74,10.81,3.96,27.59,0.63,21.32,161.81,1.61,0.05,1028.67,58.99,100 g edible part,Nepal Food Composition Database,2024,"33, 39, 39","Table 5.1, Table 5.2, Table 5.3",Figure 5.5,HIGH,TRUE,Spelling variation in figure: Mandarine orange
NFD-00063,"Apple, Fuji",Malus pumila,Fruits,,Fuji,Jumla,,,Raw,100 g edible part,90.97,9.03,0.84,,55.00,82.22,0.18,0.56,0.37,1.25,15.41,7.35,9.95,0.29,9.81,106.23,1.44,0.07,198.78,2.77,100 g edible part,Nepal Food Composition Database,2024,"33, 39, 39","Table 5.1, Table 5.2, Table 5.3",Figure 5.6,HIGH,FALSE,
NFD-00064,"Apple, Golden",Malus pumila,Fruits,,Golden,Jumla,,,Raw,100 g edible part,89.08,10.92,0.89,,49.00,84.43,0.40,0.60,0.25,1.31,13.02,6.53,8.31,0.21,8.77,94.71,1.57,0.09,181.00,3.61,100 g edible part,Nepal Food Composition Database,2024,"33, 39, 39","Table 5.1, Table 5.2, Table 5.3",5.7,HIGH,FALSE,"Figure caption is just '5.7 Apple, Golden' in text"
NFD-00065,"Mango, Dashera",Mangifera indica,Fruits,,Dashera,Sarlahi,,,Raw,100 g edible part,54.29,45.71,1.55,,67.00,83.96,0.54,0.20,0.41,0.10,14.79,7.36,16.31,0.25,12.73,132.82,1.29,0.97,1483.00,34.15,100 g edible part,Nepal Food Composition Database,2024,"33, 39, 39","Table 5.1, Table 5.2, Table 5.3",Figure 5.8,HIGH,FALSE,
NFD-00066,"Mango, Bombay",Mangifera indica,Fruits,,Bombay,Sarlahi,,,Raw,100 g edible part,51.19,48.81,1.35,,63.00,84.24,0.57,0.60,0.15,0.17,14.27,6.45,17.44,0.26,10.49,125.39,1.34,0.10,1195.33,27.89,100 g edible part,Nepal Food Composition Database,2024,"33, 39, 39","Table 5.1, Table 5.2, Table 5.3",Figure 5.9,HIGH,FALSE,
NFD-00067,"Lychee, Seedless",Litchi chinensis,Fruits,,Seedless,Bara,,,Raw,100 g edible part,79.15,20.85,1.07,,58.00,84.58,0.96,0.24,0.48,0.50,13.24,6.49,6.76,0.67,25.31,158.36,0.44,0.92,124.00,31.23,100 g edible part,Nepal Food Composition Database,2024,"33, 39, 39","Table 5.1, Table 5.2, Table 5.3",Figure 5.10,HIGH,FALSE,
NFD-00068,"Lychee, Patharia red",Litchi chinensis,Fruits,,Patharia red,Bara,,,Raw,100 g edible part,64.19,35.81,1.16,,53.00,85.00,0.89,0.25,0.47,0.53,12.86,7.39,6.28,0.69,23.19,161.15,0.58,0.22,105.33,30.83,100 g edible part,Nepal Food Composition Database,2024,"33, 39, 39","Table 5.1, Table 5.2, Table 5.3",Figure 5.11,HIGH,FALSE,
NFD-00069,"Banana, G9",Musa paradisicia,Fruits,,G9,Banke,,,Raw,100 g edible part,29.89,70.11,4.13,,101.00,71.01,1.17,0.39,1.07,1.09,25.27,10.65,7.60,0.19,21.77,333.93,0.29,0.12,235.00,7.77,100 g edible part,Nepal Food Composition Database,2024,"33, 39, 39","Table 5.1, Table 5.2, Table 5.3",Figure 5.12,HIGH,FALSE,
NFD-00070,"Papaya, Local",Carica papaya,Fruits,,Local,Doti,,,Raw,100 g edible part,86.07,13.93,1.43,,21.00,91.56,0.54,0.21,0.58,0.99,6.12,2.75,14.56,0.20,17.09,170.75,5.34,0.11,2229.67,42.84,100 g edible part,Nepal Food Composition Database,2024,"33, 39, 39","Table 5.1, Table 5.2, Table 5.3",Figure 5.13,HIGH,FALSE,
NFD-00071,"Gooseberry, local",Phyllanthus emblica,Fruits,,local,Doti,,,Raw,100 g edible part,89.49,10.51,0.90,,32.00,81.29,0.46,0.20,0.48,3.76,13.81,2.49,19.41,1.19,21.58,231.91,1.42,0.08,61.33,257.19,100 g edible part,Nepal Food Composition Database,2024,"33, 39, 39","Table 5.1, Table 5.2, Table 5.3",Figure 5.14,HIGH,TRUE,Spelling variation: Gooseberry vs Goose berry in figure caption.
NFD-00072,"Guava, Local",Psidium guajava,Fruits,,Local,Doti,,,Raw,100 g edible part,97.89,2.11,1.18,,20.00,83.05,1.61,0.38,0.80,4.95,9.21,3.22,16.90,0.34,22.59,265.55,2.37,0.21,844.67,213.80,100 g edible part,Nepal Food Composition Database,2024,"33, 39, 39","Table 5.1, Table 5.2, Table 5.3",Figure 5.15,HIGH,FALSE,
NFD-00073,"Strawberry, Tochimeto",Fragaria ananassa,Fruits,,Tochimeto,Nuwakot,,,Raw,100 g edible part,97.84,2.16,1.34,,36.00,87.65,0.95,0.60,0.51,1.28,9.02,2.43,16.38,0.36,30.05,145.31,1.16,0.14,243.00,10.37,100 g edible part,Nepal Food Composition Database,2024,"33, 39, 39","Table 5.1, Table 5.2, Table 5.3",Figure 5.16,HIGH,TRUE,Spelling variation: Tochimeto vs Tochiotome
NFD-00074,"Watermelon, Local",Citrullus lanatus,Fruits,,Local,Sarlahi,,,Raw,100 g edible part,61.42,38.58,1.04,,18.00,94.71,0.53,0.73,0.16,0.22,3.65,2.63,5.45,0.15,10.08,125.83,1.54,0.11,3808.33,46.21,100 g edible part,Nepal Food Composition Database,2024,"33, 39, 39","Table 5.1, Table 5.2, Table 5.3",Figure 5.17,HIGH,FALSE,
NFD-00075,"Chilly, Akbare",Capsicum Annuum L'vat cerasiforme,Vegetables,,Akbare,Bagmati,,,Raw,100 g edible part,95.42,4.58,1.03,,52.00,85.45,2.81,0.67,0.62,0.94,9.50,2.34,14.67,0.49,21.33,337.11,2.31,0.24,2485.33,157.80,100 g edible part,Nepal Food Composition Database,2024,"40, 48, 49","Table 6.1, Table 6.2, Table 6.3",Figure 5.18,HIGH,FALSE,Scientific name formatting contains quotes: L'vat
NFD-00076,Yard Long Bean,Vigna unguiculata subsp.,Vegetables,,,Bagmati,,,Raw,100 g edible part,99.10,0.90,21.49,,22.00,88.77,2.74,0.16,0.78,1.53,6.01,0.41,45.15,1.02,55.52,339.01,10.34,0.59,829.00,31.56,100 g edible part,Nepal Food Composition Database,2024,"40, 48, 49","Table 6.1, Table 6.2, Table 6.3",Figure 5.19,HIGH,FALSE,
NFD-00077,Cucumber,Cucumis sativus L.,Vegetables,,,Bagmati,,,Raw,100 g edible part,6.54,93.46,4.03,,16.00,95.25,0.37,0.09,0.39,0.45,3.45,1.46,11.79,0.57,27.99,185.73,6.17,0.15,160.00,5.93,100 g edible part,Nepal Food Composition Database,2024,"40, 48, 49","Table 6.1, Table 6.2, Table 6.3",Figure 5.20,HIGH,TRUE,Suspicious edible part percent (6.54 vs 93.46 inedible)
NFD-00078,"Pumpkin, Round",Cucurbita moschata,Vegetables,,Round,Bagmati,,,Raw,100 g edible part,26.40,73.60,0.88,,26.00,92.03,1.42,0.11,0.63,0.63,5.17,1.28,12.63,0.50,28.71,186.26,5.49,0.12,1116.67,12.61,100 g edible part,Nepal Food Composition Database,2024,"40, 48, 49","Table 6.1, Table 6.2, Table 6.3",Figure 5.21,HIGH,FALSE,
NFD-00079,Fiddlehead,Matteuccia struthiopteris,Vegetables,,,Gandaki,,,Raw,100 g edible part,100.00,0.00,67.84,,32.00,86.76,4.33,0.34,2.67,1.06,4.84,0.48,36.88,1.41,115.27,418.43,26.35,0.83,3957.33,25.85,100 g edible part,Nepal Food Composition Database,2024,"40, 48, 49","Table 6.1, Table 6.2, Table 6.3",Figure 5.22,HIGH,FALSE,
NFD-00080,"Pumpkin, Madale",Cucurbita moschata,Vegetables,,Madale,Bagmati,,,Raw,100 g edible part,99.03,0.97,5.12,,24.00,90.94,1.02,0.05,0.55,0.93,6.52,2.06,26.31,0.28,27.74,175.25,4.02,0.12,1249.33,13.55,100 g edible part,Nepal Food Composition Database,2024,"40, 48, 49","Table 6.1, Table 6.2, Table 6.3",Figure 5.23,HIGH,FALSE,
NFD-00081,Black mustard,Brassica nigra,Vegetables,,,Lalitpur,,,Raw,100 g edible part,91.29,8.71,10.75,,36.00,90.60,3.39,0.26,2.04,0.74,2.96,0.12,56.45,1.09,98.43,627.39,16.04,0.55,4750.67,83.07,100 g edible part,Nepal Food Composition Database,2024,"40, 48, 49","Table 6.1, Table 6.2, Table 6.3",Figure 5.24,HIGH,FALSE,
NFD-00082,Garden cresh,lepidium sativum,Vegetables,,,Lalitpur,,,Raw,100 g edible part,,,8.35,,35.00,82.73,4.66,0.38,2.18,2.50,7.55,0.86,204.79,9.57,39.06,362.76,24.16,1.18,4344.33,42.11,100 g edible part,Nepal Food Composition Database,2024,"40, 48, 49","Table 6.1, Table 6.2, Table 6.3",Figure 5.25,HIGH,TRUE,Scientific name is lowercased. Missing edible/inedible percent in table 6.1.
NFD-00083,Spinach,Spinacia oleracea,Vegetables,,,Lalitpur,,,Raw,100 g edible part,,,4.20,,46.00,87.92,2.70,0.26,2.08,0.56,6.48,0.28,88.96,5.90,38.92,609.38,41.81,0.46,8437.67,47.77,100 g edible part,Nepal Food Composition Database,2024,"40, 48, 49","Table 6.1, Table 6.2, Table 6.3",Figure 5.26,HIGH,TRUE,Missing edible/inedible percent in table 6.1.
NFD-00084,"cabbage, green coronet",Brassica oleracea var. capitata,Vegetables,,green coronet,Lalitpur,,,Raw,100 g edible part,85.00,15.00,0.66,,22.00,91.22,0.53,0.06,0.53,0.80,6.86,0.86,50.63,0.34,38.13,225.09,11.56,0.14,270.00,15.59,100 g edible part,Nepal Food Composition Database,2024,"40, 48, 49","Table 6.1, Table 6.2, Table 6.3",Figure 5.27,HIGH,FALSE,
NFD-00085,"Cauliflower, Khumal jyapu",Brassica olearacea,Vegetables,,Khumal jyapu,Lalitpur,,,Raw,100 g edible part,100.00,0.00,0.45,,45.00,89.99,1.61,0.15,0.75,0.15,7.36,0.49,33.94,0.89,40.84,321.00,26.25,0.25,43.00,62.57,100 g edible part,Nepal Food Composition Database,2024,"40, 48, 49","Table 6.1, Table 6.2, Table 6.3",Figure 5.28,HIGH,TRUE,Name casing mismatch between tables
NFD-00086,"Cauliflower, Kathmandu local",Brassica olearacea,Vegetables,,Kathmandu local,Lalitpur,,,Raw,100 g edible part,100.00,0.00,0.53,,27.00,88.71,1.18,0.47,0.80,1.64,7.20,0.52,66.46,0.45,28.79,324.21,29.24,0.39,40.67,70.13,100 g edible part,Nepal Food Composition Database,2024,"40, 48, 49","Table 6.1, Table 6.2, Table 6.3",Figure 5.29,HIGH,FALSE,
NFD-00087,"Raddish, Nino arli",Raphanus sativus,Vegetables,,Nino arli,Lalitpur,,,Raw,100 g edible part,82.12,17.88,9.65,,26.00,90.13,0.80,0.05,0.85,1.12,7.05,0.38,50.26,0.35,27.45,271.43,20.00,0.18,24.33,12.23,100 g edible part,Nepal Food Composition Database,2024,"40, 48, 49","Table 6.1, Table 6.2, Table 6.3",Figure 5.30,HIGH,TRUE,Spelling variation: Nino arli vs Nino aril
NFD-00088,"Raddish, Piuthane rato mula",Raphanus sativus,Vegetables,,Piuthane rato mula,Lalitpur,,,Raw,100 g edible part,82.21,17.79,8.75,,17.00,89.81,1.36,0.06,1.08,1.76,5.93,0.75,41.66,0.53,18.67,246.61,19.41,0.17,19.67,15.62,100 g edible part,Nepal Food Composition Database,2024,"40, 48, 49","Table 6.1, Table 6.2, Table 6.3",Figure 5.31,HIGH,TRUE,"Spelling variation: Piuthane vs Puthane vs Peuthane. Listed as index 24 in table 6.1, should be 14."
NFD-00089,Chayote,Sechium edule,Vegetables,,,"Dhankutta,",,,Raw,100 g edible part,81.64,18.36,1.67,,25.00,91.74,1.03,0.06,0.41,0.68,6.08,0.70,21.43,0.57,37.29,112.59,1.03,0.09,21.33,9.33,100 g edible part,Nepal Food Composition Database,2024,"40, 48, 49","Table 6.1, Table 6.2, Table 6.3",Figure 5.32,HIGH,TRUE,Trailing comma in Collection area.
NFD-00090,Bottle gourd,Momordica charantia,Vegetables,,,"Lalitpur,",,,Raw,100 g edible part,94.10,5.90,1.07,,26.00,91.65,0.57,0.07,0.44,0.67,6.59,0.41,15.44,0.86,12.61,163.77,1.28,0.16,98.00,12.98,100 g edible part,Nepal Food Composition Database,2024,"40, 48, 49","Table 6.1, Table 6.2, Table 6.3",Figure 5.33,HIGH,TRUE,Trailing comma in Collection area.
NFD-00091,Colocasia tender Leaves,Colocasia esculenta,Vegetables,,,Lalitpur,,,Raw,100 g edible part,87.56,12.44,79.31,,30.00,84.05,3.08,1.19,2.15,3.01,6.53,0.35,218.56,3.85,70.85,398.30,9.90,0.68,25109.00,44.48,100 g edible part,Nepal Food Composition Database,2024,"40, 48, 49","Table 6.1, Table 6.2, Table 6.3",Figure 5.34,HIGH,FALSE,
NFD-00092,Mustard green,Brassica juncea,Vegetables,,,Lalitpur,,,Raw,100 g edible part,100.00,0.00,1.74,,16.00,88.12,2.51,0.24,1.73,2.85,4.54,0.09,205.27,9.62,29.14,404.15,18.66,0.62,5489.67,59.89,100 g edible part,Nepal Food Composition Database,2024,"40, 48, 49","Table 6.1, Table 6.2, Table 6.3",Figure 5.35,HIGH,FALSE,
NFD-00093,Pumpkin tender leaves,Cucurbita maxima,Vegetables,,,Lalitpur,,,Raw,100 g edible part,74.69,25.31,53.14,,42.00,84.43,4.42,0.67,2.27,1.77,6.44,0.11,209.89,2.45,72.76,418.80,10.43,0.86,7769.33,11.37,100 g edible part,Nepal Food Composition Database,2024,"40, 48, 49","Table 6.1, Table 6.2, Table 6.3",Figure 5.36,HIGH,FALSE,
NFD-00094,Chayote tender leaves,Sechium edule,Vegetables,,,Dhankutta,,,Raw,100 g edible part,95.01,4.99,47.69,,20.00,88.88,3.19,0.08,1.56,1.97,4.32,0.14,30.17,0.47,25.29,421.41,11.33,0.89,4547.00,26.30,100 g edible part,Nepal Food Composition Database,2024,"40, 48, 49","Table 6.1, Table 6.2, Table 6.3",Figure 5.37,HIGH,FALSE,
NFD-00095,"Tomato, Srijana",Solanum lycopersicum,Vegetables,,Srijana,Lalitpur,,,Raw,100 g edible part,99.76,0.24,1.06,,17.00,93.41,1.22,0.17,0.57,1.46,3.16,1.95,12.46,0.27,20.04,155.13,9.92,0.95,4348.67,28.80,100 g edible part,Nepal Food Composition Database,2024,"40, 48, 49","Table 6.1, Table 6.2, Table 6.3",Figure 5.38,HIGH,TRUE,Name casing mismatch.
NFD-00096,"Brinjal, Parwanipur 1",Solanum melongena,Vegetables,,Parwanipur 1,Bara,,,Raw,100 g edible part,93.58,6.42,2.99,,26.00,89.60,1.56,0.32,0.66,1.20,6.66,0.51,13.68,0.49,34.85,208.45,3.07,0.29,139.33,2.31,100 g edible part,Nepal Food Composition Database,2024,"40, 48, 49","Table 6.1, Table 6.2, Table 6.3",Figure 5.39,HIGH,FALSE,
NFD-00097,Asparagas,Asparagus officinalis,Vegetables,,,Bagmati,,,Raw,100 g edible part,94.11,5.89,37.56,,19.00,92.42,3.27,0.22,0.59,0.85,2.65,0.48,31.39,1.83,56.21,211.87,1.85,0.44,3499.00,22.81,100 g edible part,Nepal Food Composition Database,2024,"40, 48, 49","Table 6.1, Table 6.2, Table 6.3",Figure 5.40,HIGH,TRUE,Spelling variation: Asparagas vs Asparagus.
NFD-00098,"Tomato, Khumal 2",Solanum lycopersicum,Vegetables,,Khumal 2,Bagmati,,,Raw,100 g edible part,99.82,0.18,0.98,,18.00,93.38,0.84,0.25,0.51,0.70,4.32,1.15,8.83,0.22,19.18,188.06,9.14,0.10,4682.00,27.12,100 g edible part,Nepal Food Composition Database,2024,"40, 48, 49","Table 6.1, Table 6.2, Table 6.3",Figure 5.41,HIGH,FALSE,
NFD-00099,"Bitter gourd, patle",Momordica charantia,Vegetables,,patle,Bagmati,,,Raw,100 g edible part,98.92,1.08,5.85,,20.00,91.37,1.48,0.29,0.83,1.11,4.92,0.11,18.22,1.17,45.87,317.19,11.47,0.35,452.33,43.86,100 g edible part,Nepal Food Composition Database,2024,"40, 48, 49","Table 6.1, Table 6.2, Table 6.3",Figure 5.42,HIGH,FALSE,
NFD-00100,"Sponge gourd, New Narayani",Luffa aegyptiaca,Vegetables,,New Narayani,Bagmati,,,Raw,100 g edible part,93.18,6.82,12.23,,23.00,92.95,1.20,0.17,0.30,0.35,5.03,0.39,27.09,0.83,36.73,182.11,7.41,0.29,78.00,7.09,100 g edible part,Nepal Food Composition Database,2024,"40, 48, 49","Table 6.1, Table 6.2, Table 6.3",Figure 5.43,HIGH,FALSE,
